index,filename
0,10011_0_0.tiff
1,10011_1280_0.tiff
2,10011_2560_0.tiff
3,10011_3840_0.tiff
4,10011_5120_0.tiff
5,10011_6400_0.tiff
6,10135_3840_1280.tiff
7,10135_3840_2560.tiff
8,10135_5120_1280.tiff
9,10135_5120_2560.tiff
10,10135_5120_7680.tiff
11,10140_1280_0.tiff
12,10140_2560_0.tiff
13,10189_0_5120.tiff
14,10386_0_5120.tiff
15,10386_1280_1280.tiff
16,10386_1280_3840.tiff
17,10563_1280_5120.tiff
18,10563_3840_2560.tiff
19,10563_5120_3840.tiff
20,10649_3840_2560.tiff
21,10669_10240_0.tiff
22,10669_11520_1280.tiff
23,10669_11520_2560.tiff
24,10669_8960_0.tiff
25,10700_10240_0.tiff
26,10700_10240_1280.tiff
27,10700_10240_3840.tiff
28,10700_7680_2560.tiff
29,10700_7680_3840.tiff
30,10700_8960_1280.tiff
31,10739_11520_7680.tiff
32,10739_11520_8960.tiff
33,10739_12800_6400.tiff
34,10739_12800_7680.tiff
35,10781_5120_5120.tiff
36,10781_6400_5120.tiff
37,10781_8960_3840.tiff
38,10781_8960_7680.tiff
39,10806_3840_2560.tiff
40,10806_5120_0.tiff
41,10806_5120_1280.tiff
42,10806_6400_1280.tiff
43,1081_0_5120.tiff
44,1081_0_7680.tiff
45,1081_0_8960.tiff
46,1081_1280_10240.tiff
47,1081_1280_8960.tiff
48,1081_2560_10240.tiff
49,1081_2560_11520.tiff
50,1081_2560_8960.tiff
51,1081_3840_5120.tiff
52,1081_6400_2560.tiff
53,10855_0_10240.tiff
54,10855_11520_5120.tiff
55,10855_11520_8960.tiff
56,10855_12800_5120.tiff
57,10855_12800_6400.tiff
58,10855_12800_7680.tiff
59,10855_7680_6400.tiff
60,10953_0_5120.tiff
61,10953_1280_3840.tiff
62,10953_1280_5120.tiff
63,10953_2560_3840.tiff
64,10973_0_0.tiff
65,10973_0_1280.tiff
66,10973_1280_0.tiff
67,10973_1280_2560.tiff
68,1107_0_0.tiff
69,1107_1280_0.tiff
70,1107_2560_0.tiff
71,11200_1280_2560.tiff
72,11344_0_1280.tiff
73,11344_1280_0.tiff
74,11344_1280_1280.tiff
75,1140_1280_2560.tiff
76,1140_5120_3840.tiff
77,1140_6400_2560.tiff
78,1140_6400_3840.tiff
79,1140_8960_1280.tiff
80,1140_8960_2560.tiff
81,1150_1280_1280.tiff
82,11504_1280_1280.tiff
83,11504_5120_5120.tiff
84,1155_0_1280.tiff
85,1155_0_2560.tiff
86,1155_1280_2560.tiff
87,1155_2560_2560.tiff
88,1155_5120_2560.tiff
89,1155_6400_0.tiff
90,1155_7680_0.tiff
91,11731_2560_1280.tiff
92,11731_3840_0.tiff
93,11731_3840_1280.tiff
94,11731_5120_0.tiff
95,11731_6400_0.tiff
96,11731_7680_2560.tiff
97,11731_8960_0.tiff
98,11754_0_1280.tiff
99,11754_1280_1280.tiff
100,11754_1280_2560.tiff
101,11754_2560_2560.tiff
102,11754_3840_0.tiff
103,11754_3840_2560.tiff
104,11754_5120_2560.tiff
105,11789_8960_6400.tiff
106,11838_0_1280.tiff
107,1186_1280_6400.tiff
108,1186_3840_12800.tiff
109,1186_6400_0.tiff
110,1186_6400_3840.tiff
111,1186_8960_0.tiff
112,1194_0_2560.tiff
113,1194_0_3840.tiff
114,1194_2560_0.tiff
115,12024_0_3840.tiff
116,12024_0_8960.tiff
117,12024_1280_8960.tiff
118,12024_2560_8960.tiff
119,12024_3840_3840.tiff
120,12024_3840_7680.tiff
121,12024_3840_8960.tiff
122,12024_5120_7680.tiff
123,12024_6400_6400.tiff
124,12024_6400_7680.tiff
125,12024_7680_7680.tiff
126,1206_2560_0.tiff
127,1206_2560_3840.tiff
128,1206_6400_0.tiff
129,1212_3840_3840.tiff
130,1212_6400_0.tiff
131,12270_0_1280.tiff
132,12270_1280_0.tiff
133,12270_1280_2560.tiff
134,12270_2560_3840.tiff
135,12270_5120_0.tiff
136,12270_5120_5120.tiff
137,12287_3840_3840.tiff
138,12308_0_1280.tiff
139,12308_2560_2560.tiff
140,12308_3840_2560.tiff
141,12308_3840_3840.tiff
142,12308_5120_3840.tiff
143,12311_3840_0.tiff
144,12311_5120_0.tiff
145,12365_0_2560.tiff
146,12365_0_3840.tiff
147,12365_1280_1280.tiff
148,12365_1280_2560.tiff
149,12365_2560_0.tiff
150,12365_2560_1280.tiff
151,12365_2560_6400.tiff
152,12365_3840_0.tiff
153,12411_0_0.tiff
154,12411_10240_3840.tiff
155,12411_5120_2560.tiff
156,12575_0_6400.tiff
157,12575_2560_5120.tiff
158,12575_3840_3840.tiff
159,12575_5120_0.tiff
160,12575_5120_1280.tiff
161,12575_5120_2560.tiff
162,12575_5120_3840.tiff
163,12575_5120_5120.tiff
164,12575_5120_6400.tiff
165,126_0_0.tiff
166,126_0_1280.tiff
167,126_0_2560.tiff
168,126_0_3840.tiff
169,126_0_5120.tiff
170,126_1280_5120.tiff
171,12619_8960_5120.tiff
172,1270_0_5120.tiff
173,1270_5120_1280.tiff
174,1270_6400_1280.tiff
175,12761_0_2560.tiff
176,12761_0_5120.tiff
177,12761_1280_5120.tiff
178,12761_2560_0.tiff
179,12761_2560_5120.tiff
180,12761_3840_1280.tiff
181,12761_3840_3840.tiff
182,12761_5120_3840.tiff
183,12761_6400_3840.tiff
184,12836_5120_5120.tiff
185,12853_3840_0.tiff
186,12853_3840_1280.tiff
187,12853_5120_0.tiff
188,12872_0_5120.tiff
189,12872_1280_1280.tiff
190,12872_2560_0.tiff
191,12872_2560_2560.tiff
192,12872_3840_0.tiff
193,12872_3840_1280.tiff
194,12872_3840_5120.tiff
195,12872_3840_6400.tiff
196,12872_3840_7680.tiff
197,1296_2560_2560.tiff
198,1296_2560_3840.tiff
199,13000_3840_0.tiff
200,13000_3840_1280.tiff
201,13000_6400_1280.tiff
202,13085_0_5120.tiff
203,13085_1280_1280.tiff
204,13085_1280_3840.tiff
205,13085_1280_5120.tiff
206,13085_2560_1280.tiff
207,13085_3840_1280.tiff
208,13085_3840_2560.tiff
209,13085_3840_3840.tiff
210,13085_5120_0.tiff
211,13085_5120_1280.tiff
212,13111_0_0.tiff
213,13111_0_1280.tiff
214,13111_0_2560.tiff
215,13111_1280_1280.tiff
216,13111_2560_2560.tiff
217,13111_3840_3840.tiff
218,13138_0_0.tiff
219,13138_10240_0.tiff
220,13138_1280_1280.tiff
221,13138_1280_6400.tiff
222,13138_5120_6400.tiff
223,13409_1280_1280.tiff
224,13409_1280_6400.tiff
225,13409_3840_3840.tiff
226,13409_6400_1280.tiff
227,13409_7680_1280.tiff
228,13455_0_1280.tiff
229,13455_3840_2560.tiff
230,13455_5120_3840.tiff
231,13455_6400_12800.tiff
232,13455_6400_3840.tiff
233,13455_7680_6400.tiff
234,1352_1280_0.tiff
235,13539_5120_0.tiff
236,13539_5120_2560.tiff
237,13539_6400_0.tiff
238,13539_6400_2560.tiff
239,13566_0_3840.tiff
240,13566_1280_0.tiff
241,13566_1280_5120.tiff
242,13566_2560_6400.tiff
243,13566_3840_1280.tiff
244,13566_3840_2560.tiff
245,13566_3840_6400.tiff
246,13566_3840_7680.tiff
247,13566_5120_2560.tiff
248,13566_5120_3840.tiff
249,13566_5120_5120.tiff
250,13566_5120_7680.tiff
251,13566_6400_5120.tiff
252,13566_6400_6400.tiff
253,13591_5120_0.tiff
254,13591_6400_1280.tiff
255,13591_7680_0.tiff
256,13591_7680_1280.tiff
257,13591_8960_2560.tiff
258,1362_0_1280.tiff
259,1362_0_3840.tiff
260,1362_2560_1280.tiff
261,1362_5120_0.tiff
262,1362_5120_1280.tiff
263,1362_5120_3840.tiff
264,13791_10240_1280.tiff
265,13791_14080_2560.tiff
266,13791_14080_3840.tiff
267,13791_2560_3840.tiff
268,13791_3840_3840.tiff
269,13896_1280_0.tiff
270,13896_2560_0.tiff
271,13896_2560_1280.tiff
272,13896_3840_2560.tiff
273,13896_5120_1280.tiff
274,13970_1280_5120.tiff
275,13970_3840_3840.tiff
276,1400_0_7680.tiff
277,1400_1280_7680.tiff
278,1400_2560_0.tiff
279,1400_2560_1280.tiff
280,1400_3840_1280.tiff
281,1400_3840_2560.tiff
282,1400_3840_7680.tiff
283,1400_5120_2560.tiff
284,1400_5120_7680.tiff
285,14131_0_3840.tiff
286,14198_0_2560.tiff
287,14198_1280_2560.tiff
288,14198_2560_2560.tiff
289,14198_3840_2560.tiff
290,14198_5120_0.tiff
291,14198_5120_1280.tiff
292,14198_5120_2560.tiff
293,1423_3840_1280.tiff
294,1423_5120_1280.tiff
295,14235_1280_1280.tiff
296,14279_0_3840.tiff
297,14279_1280_2560.tiff
298,14279_2560_6400.tiff
299,14279_5120_1280.tiff
300,14279_5120_2560.tiff
301,14319_10240_2560.tiff
302,14319_1280_1280.tiff
303,14319_1280_2560.tiff
304,14319_1280_3840.tiff
305,14319_1280_5120.tiff
306,14319_1280_6400.tiff
307,14390_0_3840.tiff
308,14390_10240_6400.tiff
309,14390_1280_2560.tiff
310,14390_1280_3840.tiff
311,14390_2560_3840.tiff
312,14390_3840_2560.tiff
313,14390_3840_3840.tiff
314,14390_5120_0.tiff
315,14390_5120_1280.tiff
316,14390_5120_2560.tiff
317,14390_6400_0.tiff
318,14390_6400_1280.tiff
319,14390_6400_2560.tiff
320,14390_8960_5120.tiff
321,14412_0_3840.tiff
322,14412_1280_2560.tiff
323,14412_1280_3840.tiff
324,14412_2560_2560.tiff
325,14412_3840_1280.tiff
326,14412_3840_2560.tiff
327,14412_3840_6400.tiff
328,14412_5120_5120.tiff
329,14412_5120_6400.tiff
330,14412_6400_3840.tiff
331,14438_2560_3840.tiff
332,14438_3840_0.tiff
333,14438_3840_3840.tiff
334,14438_7680_5120.tiff
335,14438_8960_5120.tiff
336,14463_5120_2560.tiff
337,14463_6400_2560.tiff
338,14463_7680_0.tiff
339,14463_7680_1280.tiff
340,14712_10240_6400.tiff
341,14712_3840_11520.tiff
342,14712_3840_2560.tiff
343,14712_5120_10240.tiff
344,14712_5120_2560.tiff
345,14712_6400_10240.tiff
346,14712_6400_3840.tiff
347,14712_6400_8960.tiff
348,14712_7680_2560.tiff
349,14712_7680_3840.tiff
350,14712_7680_5120.tiff
351,14712_8960_1280.tiff
352,14712_8960_5120.tiff
353,14712_8960_6400.tiff
354,14715_0_5120.tiff
355,14715_2560_3840.tiff
356,14715_2560_5120.tiff
357,14715_5120_0.tiff
358,14715_5120_1280.tiff
359,14715_5120_2560.tiff
360,14715_5120_3840.tiff
361,14715_5120_7680.tiff
362,14715_6400_7680.tiff
363,14715_7680_7680.tiff
364,1481_1280_5120.tiff
365,1481_2560_6400.tiff
366,1481_3840_1280.tiff
367,1481_3840_3840.tiff
368,1481_3840_5120.tiff
369,1481_6400_2560.tiff
370,14839_10240_6400.tiff
371,14839_10240_7680.tiff
372,14839_10240_8960.tiff
373,14839_3840_1280.tiff
374,14839_7680_6400.tiff
375,14839_8960_7680.tiff
376,14919_0_2560.tiff
377,14919_10240_3840.tiff
378,14919_11520_3840.tiff
379,14919_1280_1280.tiff
380,14919_2560_0.tiff
381,14919_2560_1280.tiff
382,14919_2560_3840.tiff
383,14919_3840_0.tiff
384,14919_3840_6400.tiff
385,14919_3840_7680.tiff
386,14919_5120_5120.tiff
387,14919_5120_6400.tiff
388,14919_6400_3840.tiff
389,14919_7680_3840.tiff
390,14919_8960_3840.tiff
391,15031_0_0.tiff
392,15031_0_1280.tiff
393,15031_2560_1280.tiff
394,15031_5120_1280.tiff
395,15031_5120_2560.tiff
396,15031_5120_3840.tiff
397,15031_5120_5120.tiff
398,15036_0_0.tiff
399,15036_0_1280.tiff
400,15036_1280_1280.tiff
401,15041_0_0.tiff
402,15041_1280_0.tiff
403,15041_1280_1280.tiff
404,15041_1280_2560.tiff
405,15041_1280_6400.tiff
406,15041_2560_7680.tiff
407,15041_3840_0.tiff
408,15041_3840_6400.tiff
409,15041_3840_7680.tiff
410,15041_7680_2560.tiff
411,15057_0_0.tiff
412,15057_1280_0.tiff
413,15057_2560_0.tiff
414,15087_0_6400.tiff
415,15087_3840_3840.tiff
416,1509_0_5120.tiff
417,1509_1280_3840.tiff
418,1509_2560_3840.tiff
419,1509_3840_5120.tiff
420,1509_5120_3840.tiff
421,1509_6400_1280.tiff
422,1509_6400_2560.tiff
423,15098_0_1280.tiff
424,15098_1280_0.tiff
425,15098_1280_1280.tiff
426,15098_1280_2560.tiff
427,15098_2560_1280.tiff
428,15098_2560_2560.tiff
429,15098_3840_2560.tiff
430,15336_0_1280.tiff
431,15336_5120_2560.tiff
432,15336_7680_3840.tiff
433,15469_1280_5120.tiff
434,15469_3840_3840.tiff
435,15469_5120_0.tiff
436,15469_5120_1280.tiff
437,15469_6400_2560.tiff
438,15524_5120_1280.tiff
439,15524_5120_2560.tiff
440,15524_6400_1280.tiff
441,15524_6400_2560.tiff
442,15524_6400_3840.tiff
443,15558_0_6400.tiff
444,15558_1280_5120.tiff
445,15705_0_7680.tiff
446,15705_10240_2560.tiff
447,15705_1280_5120.tiff
448,15705_1280_7680.tiff
449,15705_1280_8960.tiff
450,15705_5120_6400.tiff
451,15705_6400_3840.tiff
452,15705_6400_5120.tiff
453,15705_6400_6400.tiff
454,15705_7680_2560.tiff
455,15737_0_3840.tiff
456,15737_0_6400.tiff
457,15737_1280_0.tiff
458,15737_1280_1280.tiff
459,15737_2560_0.tiff
460,15737_2560_1280.tiff
461,15737_2560_6400.tiff
462,15737_2560_7680.tiff
463,1575_0_0.tiff
464,1575_0_1280.tiff
465,1575_0_2560.tiff
466,1575_0_3840.tiff
467,1575_1280_0.tiff
468,1575_1280_1280.tiff
469,1575_1280_2560.tiff
470,1575_1280_3840.tiff
471,1578_7680_2560.tiff
472,1578_7680_5120.tiff
473,1578_8960_2560.tiff
474,1578_8960_5120.tiff
475,15847_2560_3840.tiff
476,15847_3840_3840.tiff
477,15847_5120_3840.tiff
478,15869_1280_6400.tiff
479,15869_2560_10240.tiff
480,15869_2560_11520.tiff
481,15869_5120_8960.tiff
482,15869_6400_1280.tiff
483,15869_7680_6400.tiff
484,15869_8960_2560.tiff
485,15869_8960_8960.tiff
486,15896_1280_2560.tiff
487,15896_3840_2560.tiff
488,15896_5120_7680.tiff
489,15896_6400_3840.tiff
490,15896_6400_5120.tiff
491,16261_1280_1280.tiff
492,16261_1280_2560.tiff
493,16261_1280_5120.tiff
494,16261_2560_3840.tiff
495,16261_2560_5120.tiff
496,16261_3840_1280.tiff
497,16261_3840_2560.tiff
498,16261_5120_1280.tiff
499,16261_6400_1280.tiff
500,16261_6400_2560.tiff
501,16340_10240_0.tiff
502,16340_10240_1280.tiff
503,16340_11520_1280.tiff
504,16340_12800_2560.tiff
505,16340_5120_3840.tiff
506,16340_6400_0.tiff
507,16340_7680_0.tiff
508,16340_8960_1280.tiff
509,16405_5120_1280.tiff
510,16405_6400_1280.tiff
511,16505_0_1280.tiff
512,16505_0_5120.tiff
513,16505_1280_0.tiff
514,16505_1280_1280.tiff
515,16505_2560_0.tiff
516,16536_0_1280.tiff
517,16536_3840_3840.tiff
518,16536_5120_1280.tiff
519,16591_2560_1280.tiff
520,16634_0_3840.tiff
521,16634_1280_1280.tiff
522,16634_3840_0.tiff
523,16634_3840_5120.tiff
524,16634_5120_2560.tiff
525,16730_3840_1280.tiff
526,1675_0_8960.tiff
527,1675_1280_11520.tiff
528,1675_2560_11520.tiff
529,1675_3840_11520.tiff
530,16783_0_2560.tiff
531,16783_0_3840.tiff
532,16783_0_5120.tiff
533,16783_0_6400.tiff
534,16783_1280_5120.tiff
535,16783_2560_3840.tiff
536,16783_3840_2560.tiff
537,16783_5120_2560.tiff
538,16783_6400_2560.tiff
539,16823_0_3840.tiff
540,16823_1280_3840.tiff
541,16870_0_10240.tiff
542,16870_1280_5120.tiff
543,16870_3840_1280.tiff
544,16870_5120_0.tiff
545,16870_5120_7680.tiff
546,16886_0_2560.tiff
547,16886_2560_5120.tiff
548,16989_5120_2560.tiff
549,16989_6400_2560.tiff
550,16989_7680_6400.tiff
551,17035_0_3840.tiff
552,17035_0_5120.tiff
553,17035_1280_1280.tiff
554,17035_1280_7680.tiff
555,17035_2560_3840.tiff
556,17035_3840_7680.tiff
557,17035_5120_7680.tiff
558,17035_6400_6400.tiff
559,17035_8960_1280.tiff
560,17055_0_1280.tiff
561,17055_0_2560.tiff
562,17055_0_3840.tiff
563,17055_1280_2560.tiff
564,17055_1280_3840.tiff
565,17055_2560_5120.tiff
566,17105_1280_6400.tiff
567,17105_3840_3840.tiff
568,17105_5120_5120.tiff
569,17105_6400_3840.tiff
570,17105_6400_5120.tiff
571,17314_0_3840.tiff
572,17314_0_5120.tiff
573,17314_1280_1280.tiff
574,17314_1280_2560.tiff
575,17314_1280_3840.tiff
576,17314_2560_0.tiff
577,17314_2560_3840.tiff
578,17314_2560_5120.tiff
579,17314_3840_3840.tiff
580,17314_3840_5120.tiff
581,17314_5120_3840.tiff
582,17314_6400_2560.tiff
583,17315_11520_2560.tiff
584,17315_8960_3840.tiff
585,17396_11520_2560.tiff
586,17396_6400_5120.tiff
587,17396_7680_5120.tiff
588,17396_8960_3840.tiff
589,1740_0_7680.tiff
590,1740_3840_5120.tiff
591,17426_0_1280.tiff
592,17426_0_2560.tiff
593,17426_1280_1280.tiff
594,17631_1280_5120.tiff
595,17631_2560_3840.tiff
596,17901_0_0.tiff
597,17901_0_1280.tiff
598,17901_0_2560.tiff
599,17901_0_3840.tiff
600,17901_0_5120.tiff
601,17901_1280_0.tiff
602,17901_1280_2560.tiff
603,17901_2560_2560.tiff
604,17901_2560_3840.tiff
605,17901_2560_5120.tiff
606,17939_1280_0.tiff
607,17939_1280_2560.tiff
608,17981_0_0.tiff
609,17981_0_1280.tiff
610,17981_0_3840.tiff
611,17981_1280_1280.tiff
612,17981_2560_0.tiff
613,17981_3840_0.tiff
614,17981_5120_0.tiff
615,17981_5120_2560.tiff
616,17981_5120_3840.tiff
617,18029_0_10240.tiff
618,18029_0_5120.tiff
619,18029_2560_5120.tiff
620,18029_3840_5120.tiff
621,18029_3840_6400.tiff
622,18029_5120_11520.tiff
623,18029_5120_5120.tiff
624,18029_5120_6400.tiff
625,18029_6400_6400.tiff
626,18029_7680_6400.tiff
627,18029_8960_6400.tiff
628,18031_0_0.tiff
629,18031_0_1280.tiff
630,18031_1280_0.tiff
631,18031_1280_1280.tiff
632,18031_1280_2560.tiff
633,18031_2560_0.tiff
634,18031_2560_1280.tiff
635,18031_2560_2560.tiff
636,18169_0_0.tiff
637,18169_1280_0.tiff
638,18169_1280_1280.tiff
639,18169_1280_2560.tiff
640,18169_2560_0.tiff
641,18169_2560_2560.tiff
642,18169_2560_3840.tiff
643,18205_0_0.tiff
644,18205_0_1280.tiff
645,18205_0_2560.tiff
646,18205_0_3840.tiff
647,18205_0_5120.tiff
648,18205_0_6400.tiff
649,18205_1280_0.tiff
650,18205_1280_1280.tiff
651,18205_1280_5120.tiff
652,18205_1280_6400.tiff
653,18205_2560_0.tiff
654,18205_2560_1280.tiff
655,18205_3840_0.tiff
656,18205_3840_1280.tiff
657,18205_5120_0.tiff
658,18233_0_5120.tiff
659,18233_0_6400.tiff
660,18233_1280_2560.tiff
661,18233_1280_3840.tiff
662,18233_1280_5120.tiff
663,18233_2560_2560.tiff
664,18233_3840_2560.tiff
665,18233_3840_3840.tiff
666,18233_5120_3840.tiff
667,18254_3840_5120.tiff
668,18254_5120_5120.tiff
669,18254_5120_6400.tiff
670,1833_0_7680.tiff
671,18425_0_2560.tiff
672,18425_0_3840.tiff
673,18425_0_5120.tiff
674,18425_1280_0.tiff
675,18425_1280_1280.tiff
676,18425_1280_2560.tiff
677,18425_2560_0.tiff
678,18425_2560_1280.tiff
679,18425_3840_0.tiff
680,18425_3840_1280.tiff
681,18425_3840_2560.tiff
682,18425_3840_6400.tiff
683,18442_0_7680.tiff
684,18442_10240_1280.tiff
685,18442_11520_0.tiff
686,18442_11520_1280.tiff
687,18442_11520_2560.tiff
688,18442_11520_3840.tiff
689,18442_11520_5120.tiff
690,18442_11520_6400.tiff
691,18442_12800_5120.tiff
692,18442_12800_7680.tiff
693,18442_8960_3840.tiff
694,18478_5120_2560.tiff
695,18478_6400_2560.tiff
696,18553_0_0.tiff
697,18553_1280_0.tiff
698,18553_1280_3840.tiff
699,18553_2560_0.tiff
700,18553_3840_0.tiff
701,18553_5120_1280.tiff
702,18561_1280_7680.tiff
703,18561_5120_5120.tiff
704,18633_3840_0.tiff
705,18633_3840_1280.tiff
706,188_10240_0.tiff
707,188_10240_1280.tiff
708,188_10240_6400.tiff
709,18849_10240_2560.tiff
710,18849_11520_2560.tiff
711,18849_6400_0.tiff
712,18849_6400_2560.tiff
713,18849_8960_1280.tiff
714,18880_5120_3840.tiff
715,18880_6400_5120.tiff
716,188_8960_3840.tiff
717,18958_0_2560.tiff
718,18958_11520_3840.tiff
719,18958_1280_10240.tiff
720,18958_1280_3840.tiff
721,18958_7680_2560.tiff
722,18958_7680_3840.tiff
723,1901_10240_10240.tiff
724,1901_10240_8960.tiff
725,1901_11520_6400.tiff
726,1901_11520_7680.tiff
727,1901_7680_8960.tiff
728,1901_8960_5120.tiff
729,1901_8960_6400.tiff
730,1901_8960_8960.tiff
731,19031_0_6400.tiff
732,19031_6400_1280.tiff
733,19122_0_0.tiff
734,19122_0_1280.tiff
735,19122_1280_0.tiff
736,19122_1280_3840.tiff
737,19122_2560_0.tiff
738,19122_3840_2560.tiff
739,19122_3840_3840.tiff
740,19122_5120_3840.tiff
741,19142_1280_1280.tiff
742,19188_1280_2560.tiff
743,19188_6400_2560.tiff
744,19231_0_3840.tiff
745,19231_1280_5120.tiff
746,19231_2560_3840.tiff
747,19231_2560_5120.tiff
748,19231_3840_3840.tiff
749,19231_5120_6400.tiff
750,19236_0_0.tiff
751,19236_1280_0.tiff
752,19311_0_1280.tiff
753,19311_0_2560.tiff
754,19311_1280_2560.tiff
755,19311_7680_1280.tiff
756,19311_8960_1280.tiff
757,19331_3840_2560.tiff
758,19344_0_10240.tiff
759,19344_7680_0.tiff
760,19344_7680_2560.tiff
761,19344_8960_2560.tiff
762,19399_2560_2560.tiff
763,19399_8960_2560.tiff
764,19399_8960_3840.tiff
765,19403_1280_0.tiff
766,19403_2560_5120.tiff
767,19403_3840_2560.tiff
768,19448_0_2560.tiff
769,19448_1280_7680.tiff
770,19448_2560_6400.tiff
771,19448_3840_6400.tiff
772,19448_5120_0.tiff
773,19448_5120_1280.tiff
774,19448_7680_0.tiff
775,19448_8960_0.tiff
776,19451_0_8960.tiff
777,19451_10240_11520.tiff
778,19451_1280_8960.tiff
779,19451_2560_10240.tiff
780,19451_2560_8960.tiff
781,19451_3840_10240.tiff
782,19451_3840_8960.tiff
783,19451_5120_8960.tiff
784,19451_6400_10240.tiff
785,19451_6400_2560.tiff
786,19451_7680_10240.tiff
787,19451_8960_11520.tiff
788,19486_3840_1280.tiff
789,19486_5120_0.tiff
790,19486_6400_0.tiff
791,19486_6400_1280.tiff
792,19486_7680_1280.tiff
793,19549_3840_2560.tiff
794,19549_5120_2560.tiff
795,19549_6400_1280.tiff
796,19549_6400_2560.tiff
797,1956_0_5120.tiff
798,1956_1280_1280.tiff
799,1956_2560_5120.tiff
800,1956_2560_6400.tiff
801,1956_3840_3840.tiff
802,1956_3840_5120.tiff
803,1956_5120_0.tiff
804,1956_5120_1280.tiff
805,1956_5120_2560.tiff
806,19575_2560_6400.tiff
807,19575_3840_2560.tiff
808,19575_3840_5120.tiff
809,19575_5120_10240.tiff
810,19575_5120_6400.tiff
811,2029_0_5120.tiff
812,2029_0_6400.tiff
813,2029_2560_2560.tiff
814,2045_0_3840.tiff
815,2045_1280_0.tiff
816,2045_1280_1280.tiff
817,205_3840_3840.tiff
818,205_3840_6400.tiff
819,205_5120_5120.tiff
820,205_6400_6400.tiff
821,214_10240_1280.tiff
822,214_11520_2560.tiff
823,214_8960_5120.tiff
824,2158_1280_0.tiff
825,2158_6400_0.tiff
826,2158_6400_1280.tiff
827,2187_3840_1280.tiff
828,2187_3840_2560.tiff
829,2187_3840_3840.tiff
830,2237_1280_2560.tiff
831,2237_3840_1280.tiff
832,2289_5120_0.tiff
833,2289_6400_2560.tiff
834,2289_7680_11520.tiff
835,2289_7680_2560.tiff
836,2289_7680_3840.tiff
837,2289_7680_7680.tiff
838,2289_8960_0.tiff
839,2289_8960_2560.tiff
840,2289_8960_3840.tiff
841,2354_0_1280.tiff
842,2354_0_2560.tiff
843,2354_1280_0.tiff
844,2354_1280_1280.tiff
845,2354_1280_2560.tiff
846,2354_2560_1280.tiff
847,2405_0_3840.tiff
848,2405_1280_3840.tiff
849,2405_1280_5120.tiff
850,2405_2560_2560.tiff
851,2405_2560_3840.tiff
852,2405_2560_5120.tiff
853,2405_3840_3840.tiff
854,2405_7680_0.tiff
855,2405_7680_1280.tiff
856,2438_0_19200.tiff
857,2438_1280_17920.tiff
858,2438_1280_19200.tiff
859,2438_2560_12800.tiff
860,2438_2560_14080.tiff
861,2438_2560_15360.tiff
862,2438_2560_16640.tiff
863,2438_2560_17920.tiff
864,2438_2560_7680.tiff
865,2438_2560_8960.tiff
866,2438_3840_10240.tiff
867,2438_3840_11520.tiff
868,2438_3840_12800.tiff
869,2438_3840_5120.tiff
870,2438_3840_6400.tiff
871,2483_5120_0.tiff
872,2483_6400_0.tiff
873,2587_0_2560.tiff
874,2587_1280_2560.tiff
875,2587_2560_2560.tiff
876,2693_0_1280.tiff
877,2693_0_2560.tiff
878,2693_2560_2560.tiff
879,271_1280_10240.tiff
880,271_2560_7680.tiff
881,271_2560_8960.tiff
882,271_3840_6400.tiff
883,271_3840_7680.tiff
884,271_5120_6400.tiff
885,271_6400_10240.tiff
886,271_6400_5120.tiff
887,271_6400_6400.tiff
888,271_6400_7680.tiff
889,271_6400_8960.tiff
890,2724_1280_2560.tiff
891,2724_2560_2560.tiff
892,275_0_1280.tiff
893,275_1280_0.tiff
894,2775_0_1280.tiff
895,2775_1280_0.tiff
896,2775_1280_6400.tiff
897,2775_2560_0.tiff
898,2775_6400_1280.tiff
899,2775_6400_3840.tiff
900,2775_7680_5120.tiff
901,2843_2560_0.tiff
902,2844_0_0.tiff
903,2844_0_5120.tiff
904,2844_1280_3840.tiff
905,2844_1280_5120.tiff
906,2978_0_2560.tiff
907,2978_0_6400.tiff
908,2978_10240_6400.tiff
909,2978_10240_7680.tiff
910,2978_1280_7680.tiff
911,2978_2560_0.tiff
912,2978_2560_2560.tiff
913,2978_2560_7680.tiff
914,2978_3840_7680.tiff
915,2978_5120_7680.tiff
916,305_0_5120.tiff
917,305_0_6400.tiff
918,305_1280_1280.tiff
919,305_1280_6400.tiff
920,305_3840_5120.tiff
921,305_6400_3840.tiff
922,3131_5120_2560.tiff
923,3153_0_1280.tiff
924,3153_0_6400.tiff
925,3153_1280_6400.tiff
926,3153_2560_6400.tiff
927,3153_3840_6400.tiff
928,3153_5120_3840.tiff
929,3153_5120_6400.tiff
930,3153_7680_8960.tiff
931,3192_6400_0.tiff
932,3192_6400_7680.tiff
933,3210_3840_1280.tiff
934,3210_6400_1280.tiff
935,3210_6400_2560.tiff
936,3210_8960_2560.tiff
937,3248_0_0.tiff
938,3248_0_2560.tiff
939,3248_2560_0.tiff
940,3248_6400_3840.tiff
941,3248_7680_1280.tiff
942,3248_7680_5120.tiff
943,3248_8960_2560.tiff
944,3401_10240_7680.tiff
945,3401_11520_6400.tiff
946,3401_6400_7680.tiff
947,3401_8960_6400.tiff
948,3565_5120_1280.tiff
949,3565_5120_2560.tiff
950,3590_1280_2560.tiff
951,3590_2560_2560.tiff
952,3590_2560_3840.tiff
953,3590_5120_6400.tiff
954,3665_2560_5120.tiff
955,3665_3840_3840.tiff
956,3665_6400_7680.tiff
957,3693_0_3840.tiff
958,3693_1280_5120.tiff
959,3693_2560_6400.tiff
960,3764_3840_10240.tiff
961,3764_3840_11520.tiff
962,3764_3840_3840.tiff
963,3764_3840_8960.tiff
964,3764_5120_2560.tiff
965,3764_5120_3840.tiff
966,3764_6400_3840.tiff
967,3897_0_6400.tiff
968,3897_0_7680.tiff
969,3897_0_8960.tiff
970,3897_1280_5120.tiff
971,3897_3840_7680.tiff
972,3897_5120_6400.tiff
973,3897_5120_7680.tiff
974,3897_6400_3840.tiff
975,3897_6400_5120.tiff
976,3897_6400_6400.tiff
977,3908_6400_10240.tiff
978,3953_6400_0.tiff
979,4041_5120_3840.tiff
980,4041_6400_8960.tiff
981,4079_1280_6400.tiff
982,4079_2560_6400.tiff
983,4079_3840_5120.tiff
984,408_5120_0.tiff
985,408_5120_1280.tiff
986,4114_0_2560.tiff
987,4114_1280_1280.tiff
988,4156_5120_5120.tiff
989,4156_5120_6400.tiff
990,4156_5120_7680.tiff
991,4197_0_0.tiff
992,4197_0_1280.tiff
993,4197_10240_2560.tiff
994,4197_11520_1280.tiff
995,4197_1280_3840.tiff
996,4197_6400_2560.tiff
997,4197_6400_3840.tiff
998,4197_7680_0.tiff
999,4197_7680_2560.tiff
1000,4197_7680_3840.tiff
1001,4296_1280_0.tiff
1002,4296_2560_1280.tiff
1003,4296_3840_0.tiff
1004,4296_5120_0.tiff
1005,4296_6400_3840.tiff
1006,4412_2560_0.tiff
1007,4412_3840_2560.tiff
1008,4412_3840_3840.tiff
1009,4426_0_1280.tiff
1010,4426_0_2560.tiff
1011,4426_3840_6400.tiff
1012,4426_5120_5120.tiff
1013,4426_5120_6400.tiff
1014,4426_6400_0.tiff
1015,4426_6400_3840.tiff
1016,4466_0_8960.tiff
1017,4466_1280_8960.tiff
1018,4467_10240_0.tiff
1019,4467_6400_0.tiff
1020,4533_0_5120.tiff
1021,4533_1280_2560.tiff
1022,4533_5120_7680.tiff
1023,4562_0_1280.tiff
1024,4580_5120_6400.tiff
1025,4580_7680_3840.tiff
1026,4580_8960_5120.tiff
1027,4648_0_3840.tiff
1028,4648_1280_2560.tiff
1029,4648_2560_2560.tiff
1030,4659_1280_3840.tiff
1031,4752_11520_0.tiff
1032,4752_11520_3840.tiff
1033,4752_1280_0.tiff
1034,4752_3840_2560.tiff
1035,4752_3840_3840.tiff
1036,4752_5120_3840.tiff
1037,4816_10240_3840.tiff
1038,4965_1280_5120.tiff
1039,4965_2560_1280.tiff
1040,4965_2560_6400.tiff
1041,4965_3840_6400.tiff
1042,4965_5120_5120.tiff
1043,4965_5120_6400.tiff
1044,4965_6400_3840.tiff
1045,4965_7680_1280.tiff
1046,4965_7680_2560.tiff
1047,4965_8960_2560.tiff
1048,4984_2560_1280.tiff
1049,4984_3840_2560.tiff
1050,4989_0_0.tiff
1051,4989_1280_0.tiff
1052,4989_3840_1280.tiff
1053,5242_0_0.tiff
1054,5242_0_1280.tiff
1055,5242_0_3840.tiff
1056,5242_1280_0.tiff
1057,5242_2560_7680.tiff
1058,5247_0_3840.tiff
1059,5247_2560_0.tiff
1060,5247_3840_3840.tiff
1061,5247_5120_1280.tiff
1062,5247_5120_3840.tiff
1063,5247_6400_3840.tiff
1064,5247_7680_3840.tiff
1065,5248_6400_2560.tiff
1066,5248_7680_3840.tiff
1067,5248_8960_3840.tiff
1068,5307_0_6400.tiff
1069,5307_1280_7680.tiff
1070,5307_2560_8960.tiff
1071,5307_3840_8960.tiff
1072,5307_5120_2560.tiff
1073,5307_5120_3840.tiff
1074,5307_5120_7680.tiff
1075,5307_7680_3840.tiff
1076,5307_7680_5120.tiff
1077,5324_10240_7680.tiff
1078,5324_1280_7680.tiff
1079,5324_2560_6400.tiff
1080,5324_2560_8960.tiff
1081,5324_5120_2560.tiff
1082,5324_5120_7680.tiff
1083,5324_6400_1280.tiff
1084,5324_8960_7680.tiff
1085,5367_1280_5120.tiff
1086,5367_2560_0.tiff
1087,5367_2560_3840.tiff
1088,5367_3840_2560.tiff
1089,5367_6400_2560.tiff
1090,5367_7680_1280.tiff
1091,5379_3840_0.tiff
1092,5379_3840_1280.tiff
1093,5386_5120_1280.tiff
1094,5386_5120_2560.tiff
1095,5386_5120_5120.tiff
1096,5386_7680_11520.tiff
1097,5386_8960_11520.tiff
1098,5431_3840_0.tiff
1099,5431_3840_3840.tiff
1100,5431_3840_6400.tiff
1101,5431_6400_1280.tiff
1102,5431_6400_3840.tiff
1103,5431_6400_5120.tiff
1104,5532_1280_0.tiff
1105,5532_5120_1280.tiff
1106,5532_5120_2560.tiff
1107,5532_5120_3840.tiff
1108,5532_6400_1280.tiff
1109,5568_0_3840.tiff
1110,5568_1280_0.tiff
1111,5568_1280_1280.tiff
1112,5568_1280_2560.tiff
1113,5568_1280_3840.tiff
1114,5568_5120_1280.tiff
1115,5568_6400_2560.tiff
1116,5568_7680_0.tiff
1117,5568_7680_2560.tiff
1118,5774_2560_2560.tiff
1119,5774_3840_3840.tiff
1120,5795_0_5120.tiff
1121,5795_1280_3840.tiff
1122,5795_2560_3840.tiff
1123,5809_0_6400.tiff
1124,5809_1280_8960.tiff
1125,5809_3840_1280.tiff
1126,5809_3840_5120.tiff
1127,5809_8960_2560.tiff
1128,5889_0_1280.tiff
1129,5889_0_2560.tiff
1130,5889_0_3840.tiff
1131,5986_0_0.tiff
1132,5986_0_1280.tiff
1133,5986_0_2560.tiff
1134,5986_0_5120.tiff
1135,5986_1280_0.tiff
1136,5986_3840_0.tiff
1137,5986_3840_5120.tiff
1138,6143_10240_0.tiff
1139,6143_5120_0.tiff
1140,6143_5120_2560.tiff
1141,6143_5120_6400.tiff
1142,6143_6400_1280.tiff
1143,6143_6400_2560.tiff
1144,6143_6400_3840.tiff
1145,6173_0_0.tiff
1146,6173_0_1280.tiff
1147,6173_0_2560.tiff
1148,6173_2560_0.tiff
1149,6173_2560_5120.tiff
1150,6286_0_1280.tiff
1151,6286_0_6400.tiff
1152,6286_1280_0.tiff
1153,6286_1280_2560.tiff
1154,6286_1280_3840.tiff
1155,6286_2560_0.tiff
1156,6286_2560_7680.tiff
1157,6290_5120_10240.tiff
1158,6298_10240_2560.tiff
1159,6298_10240_3840.tiff
1160,6298_10240_5120.tiff
1161,6298_10240_6400.tiff
1162,6298_10240_7680.tiff
1163,6298_11520_6400.tiff
1164,6298_1280_6400.tiff
1165,6298_8960_6400.tiff
1166,6298_8960_7680.tiff
1167,6389_1280_0.tiff
1168,6389_2560_1280.tiff
1169,6389_3840_1280.tiff
1170,6389_5120_1280.tiff
1171,6389_6400_0.tiff
1172,6389_6400_1280.tiff
1173,6389_7680_1280.tiff
1174,6389_7680_2560.tiff
1175,6389_7680_3840.tiff
1176,6389_8960_1280.tiff
1177,6389_8960_2560.tiff
1178,654_0_1280.tiff
1179,654_0_3840.tiff
1180,654_1280_0.tiff
1181,6720_0_3840.tiff
1182,6720_1280_3840.tiff
1183,6786_2560_11520.tiff
1184,6786_2560_12800.tiff
1185,6786_2560_14080.tiff
1186,6786_3840_11520.tiff
1187,6786_3840_12800.tiff
1188,6786_3840_14080.tiff
1189,6915_0_6400.tiff
1190,6915_1280_2560.tiff
1191,6915_1280_5120.tiff
1192,6915_2560_0.tiff
1193,6915_2560_2560.tiff
1194,6915_2560_5120.tiff
1195,6915_3840_0.tiff
1196,6915_5120_6400.tiff
1197,6915_6400_6400.tiff
1198,72_0_0.tiff
1199,72_0_3840.tiff
1200,7338_0_2560.tiff
1201,7338_1280_0.tiff
1202,7338_1280_2560.tiff
1203,7338_3840_0.tiff
1204,7338_3840_2560.tiff
1205,7338_5120_2560.tiff
1206,7338_6400_0.tiff
1207,7338_6400_2560.tiff
1208,7385_3840_1280.tiff
1209,7385_7680_0.tiff
1210,7388_0_1280.tiff
1211,7388_0_2560.tiff
1212,7388_1280_5120.tiff
1213,7388_2560_5120.tiff
1214,7393_0_0.tiff
1215,7393_0_6400.tiff
1216,7393_1280_0.tiff
1217,7393_2560_1280.tiff
1218,7393_3840_0.tiff
1219,7393_3840_1280.tiff
1220,7393_5120_0.tiff
1221,7414_0_3840.tiff
1222,7414_1280_2560.tiff
1223,7414_1280_6400.tiff
1224,7414_1280_7680.tiff
1225,7414_2560_1280.tiff
1226,7414_2560_2560.tiff
1227,7414_3840_6400.tiff
1228,7414_3840_7680.tiff
1229,7414_5120_6400.tiff
1230,7414_5120_7680.tiff
1231,7419_0_1280.tiff
1232,7419_2560_5120.tiff
1233,7419_3840_3840.tiff
1234,7419_5120_0.tiff
1235,7419_5120_1280.tiff
1236,7419_5120_6400.tiff
1237,7419_5120_8960.tiff
1238,7419_6400_0.tiff
1239,7419_6400_1280.tiff
1240,7419_6400_8960.tiff
1241,755_0_6400.tiff
1242,755_0_8960.tiff
1243,755_2560_3840.tiff
1244,755_3840_3840.tiff
1245,7638_6400_0.tiff
1246,7638_6400_1280.tiff
1247,7638_6400_2560.tiff
1248,7638_6400_3840.tiff
1249,7638_6400_5120.tiff
1250,7638_6400_6400.tiff
1251,7638_6400_7680.tiff
1252,7766_7680_0.tiff
1253,7766_7680_1280.tiff
1254,7766_7680_2560.tiff
1255,7766_7680_3840.tiff
1256,7766_8960_0.tiff
1257,7766_8960_1280.tiff
1258,7766_8960_2560.tiff
1259,7766_8960_3840.tiff
1260,7766_8960_7680.tiff
1261,7829_1280_7680.tiff
1262,7832_0_2560.tiff
1263,7832_0_7680.tiff
1264,7832_2560_2560.tiff
1265,7832_3840_0.tiff
1266,7832_3840_2560.tiff
1267,7832_5120_2560.tiff
1268,7832_5120_3840.tiff
1269,7832_5120_6400.tiff
1270,7832_6400_5120.tiff
1271,7832_6400_7680.tiff
1272,8066_0_0.tiff
1273,8066_0_1280.tiff
1274,819_3840_5120.tiff
1275,819_5120_3840.tiff
1276,819_5120_5120.tiff
1277,8230_3840_1280.tiff
1278,8231_0_2560.tiff
1279,8231_1280_0.tiff
1280,8231_1280_2560.tiff
1281,8231_2560_5120.tiff
1282,8342_0_0.tiff
1283,8342_0_1280.tiff
1284,8342_1280_0.tiff
1285,8411_0_1280.tiff
1286,8411_1280_1280.tiff
1287,8411_3840_1280.tiff
1288,8411_3840_2560.tiff
1289,8452_0_2560.tiff
1290,8452_1280_2560.tiff
1291,8511_0_1280.tiff
1292,8511_0_2560.tiff
1293,8511_1280_0.tiff
1294,8511_2560_0.tiff
1295,8511_2560_2560.tiff
1296,8511_3840_0.tiff
1297,8511_3840_2560.tiff
1298,8511_5120_2560.tiff
1299,8511_6400_0.tiff
1300,8528_0_1280.tiff
1301,8528_0_2560.tiff
1302,8528_0_3840.tiff
1303,8528_0_5120.tiff
1304,8528_0_6400.tiff
1305,8528_0_8960.tiff
1306,8528_1280_6400.tiff
1307,8528_2560_3840.tiff
1308,8528_2560_5120.tiff
1309,8528_2560_6400.tiff
1310,8528_2560_7680.tiff
1311,8557_0_0.tiff
1312,8557_0_1280.tiff
1313,8557_1280_3840.tiff
1314,8557_3840_0.tiff
1315,8557_3840_2560.tiff
1316,8557_6400_2560.tiff
1317,8557_6400_5120.tiff
1318,8557_7680_5120.tiff
1319,8557_8960_5120.tiff
1320,8630_10240_0.tiff
1321,8630_11520_1280.tiff
1322,8630_11520_2560.tiff
1323,8630_12800_0.tiff
1324,8630_7680_1280.tiff
1325,8630_7680_2560.tiff
1326,8666_7680_2560.tiff
1327,8666_8960_5120.tiff
1328,8688_0_1280.tiff
1329,8688_1280_0.tiff
1330,8688_1280_3840.tiff
1331,8688_3840_1280.tiff
1332,8688_3840_3840.tiff
1333,8688_5120_1280.tiff
1334,8688_5120_2560.tiff
1335,8688_5120_3840.tiff
1336,8688_6400_2560.tiff
1337,8723_5120_2560.tiff
1338,8755_1280_1280.tiff
1339,8755_1280_2560.tiff
1340,8755_1280_7680.tiff
1341,8755_3840_0.tiff
1342,8755_3840_3840.tiff
1343,8781_0_1280.tiff
1344,8783_2560_0.tiff
1345,8783_3840_0.tiff
1346,8783_3840_1280.tiff
1347,8783_5120_0.tiff
1348,8783_5120_1280.tiff
1349,8935_0_0.tiff
1350,8935_0_5120.tiff
1351,8935_1280_0.tiff
1352,8935_1280_5120.tiff
1353,8935_3840_1280.tiff
1354,8935_3840_5120.tiff
1355,8935_5120_0.tiff
1356,8935_5120_2560.tiff
1357,8935_5120_3840.tiff
1358,8935_5120_5120.tiff
1359,8958_0_1280.tiff
1360,8958_6400_0.tiff
1361,8958_7680_1280.tiff
1362,901_0_0.tiff
1363,901_0_2560.tiff
1364,9032_0_5120.tiff
1365,9032_2560_6400.tiff
1366,9032_3840_5120.tiff
1367,9032_3840_6400.tiff
1368,9032_5120_5120.tiff
1369,9032_7680_11520.tiff
1370,906_0_1280.tiff
1371,906_1280_1280.tiff
1372,906_2560_0.tiff
1373,906_3840_1280.tiff
1374,906_5120_2560.tiff
1375,9077_3840_3840.tiff
1376,9088_0_2560.tiff
1377,9088_1280_1280.tiff
1378,9115_3840_0.tiff
1379,9115_6400_0.tiff
1380,9230_1280_0.tiff
1381,9248_0_2560.tiff
1382,9248_1280_1280.tiff
1383,9248_1280_2560.tiff
1384,9248_2560_1280.tiff
1385,9248_2560_2560.tiff
1386,9249_0_1280.tiff
1387,9249_0_3840.tiff
1388,9249_0_5120.tiff
1389,9249_0_6400.tiff
1390,9249_1280_5120.tiff
1391,9249_1280_6400.tiff
1392,9249_2560_1280.tiff
1393,9249_2560_2560.tiff
1394,9249_3840_1280.tiff
1395,9249_3840_3840.tiff
1396,9249_6400_2560.tiff
1397,9285_0_1280.tiff
1398,9316_0_0.tiff
1399,9316_0_3840.tiff
1400,9316_0_5120.tiff
1401,9354_10240_3840.tiff
1402,9354_11520_3840.tiff
1403,9354_11520_5120.tiff
1404,9354_12800_2560.tiff
1405,9354_12800_3840.tiff
1406,9355_0_1280.tiff
1407,9355_1280_0.tiff
1408,9355_2560_1280.tiff
1409,9355_3840_1280.tiff
1410,9355_3840_2560.tiff
1411,942_0_6400.tiff
1412,942_11520_7680.tiff
1413,942_12800_7680.tiff
1414,942_1280_6400.tiff
1415,942_1280_7680.tiff
1416,942_2560_6400.tiff
1417,942_3840_6400.tiff
1418,942_5120_6400.tiff
1419,942_5120_7680.tiff
1420,942_6400_7680.tiff
1421,942_7680_3840.tiff
1422,942_7680_6400.tiff
1423,942_8960_6400.tiff
1424,9606_0_3840.tiff
1425,9606_1280_0.tiff
1426,9606_2560_0.tiff
1427,9606_2560_1280.tiff
1428,9606_2560_5120.tiff
1429,9606_3840_1280.tiff
1430,9606_3840_2560.tiff
1431,9606_5120_2560.tiff
1432,9606_5120_3840.tiff
1433,9606_6400_3840.tiff
1434,9606_7680_2560.tiff
1435,9606_7680_3840.tiff
1436,9663_0_5120.tiff
1437,9663_1280_0.tiff
1438,9663_2560_2560.tiff
1439,9663_3840_2560.tiff
1440,9663_5120_2560.tiff
1441,995_0_5120.tiff
1442,995_0_7680.tiff
1443,995_0_8960.tiff
1444,995_1280_3840.tiff
1445,995_1280_8960.tiff
1446,995_5120_2560.tiff
1447,995_5120_5120.tiff
1448,995_5120_6400.tiff
1449,995_5120_8960.tiff
1450,9967_0_2560.tiff
1451,9967_1280_1280.tiff
1452,9967_1280_3840.tiff
1453,9967_1280_5120.tiff
1454,9967_1280_6400.tiff
1455,9967_1280_7680.tiff
1456,9967_2560_0.tiff
